{"flutter":{"platforms":{"android":{"default":{"projectId":"utahpainting-71988","appId":"1:517868283526:android:a016141a9a092943c31307","fileOutput":"android/app/google-services.json"}},"dart":{"lib/firebase_options.dart":{"projectId":"utahpainting-71988","configurations":{"android":"1:517868283526:android:a016141a9a092943c31307","ios":"1:517868283526:ios:9e5756dff9a667a2c31307","macos":"1:517868283526:ios:9e5756dff9a667a2c31307","web":"1:517868283526:web:59a522f9c3a7e2cfc31307","windows":"1:517868283526:web:da4a747212300d4ec31307"}}}}}}